Competition Launch Date,Title of Competition,Competition URL
08/03/2010 00:00:00,Chess ratings - Elo versus the Rest of the World,https://www.kaggle.com/c/2447
11/23/2010 00:00:00,RTA Freeway Travel Time Prediction,https://www.kaggle.com/c/2467
12/13/2010 09:22:46,Predict Grant Applications,https://www.kaggle.com/c/2445
11/08/2010 00:00:00,IJCNN Social Network Challenge,https://www.kaggle.com/c/2464
01/19/2011 00:00:00,Stay Alert! The Ford Challenge,https://www.kaggle.com/c/2478
02/28/2011 00:00:00,Don't Overfit!,https://www.kaggle.com/c/2489
04/04/2011 17:03:36,Heritage Health Prize,https://www.kaggle.com/c/2496
05/23/2011 13:42:42,Mapping Dark Matter,https://www.kaggle.com/c/2487
07/29/2011 20:23:14,dunnhumby's Shopper Challenge,https://www.kaggle.com/c/2518
09/24/2011 04:01:31,Semi-Supervised Feature Learning,https://www.kaggle.com/c/2549
03/20/2012 04:29:38,Eye Movements Verification and Identification Competition,https://www.kaggle.com/c/2742
03/16/2012 19:10:23,Predicting a Biological Response,https://www.kaggle.com/c/2780
05/14/2012 15:44:08,Psychopathy Prediction Based on Twitter Usage,https://www.kaggle.com/c/2860
04/26/2012 01:36:25,Million Song Dataset Challenge,https://www.kaggle.com/c/2799
05/04/2012 21:28:20,Online Product Sales,https://www.kaggle.com/c/2840
05/08/2012 17:56:40,Personality Prediction Based on Twitter Stream,https://www.kaggle.com/c/2895
06/18/2012 20:23:32,EMC Israel Data Science Challenge,https://www.kaggle.com/c/2958
07/10/2012 01:18:25,Practice Fusion Diabetes Classification,https://www.kaggle.com/c/2984
07/21/2012 13:00:00,EMI Music Data Science Hackathon - July 21st - 24 hours,https://www.kaggle.com/c/2963
08/18/2012 16:09:06,Data Mining Hackathon on BIG DATA (7GB) Best Buy mobile web site,https://www.kaggle.com/c/3064
07/18/2012 21:39:39,Raising Money to Fund an Organizational Mission,https://www.kaggle.com/c/2863
08/18/2012 16:10:00,Data Mining Hackathon on (20 mb) Best Buy mobile web site - ACM SF Bay Area Chapter,https://www.kaggle.com/c/3080
08/21/2012 16:10:25,Predict Closed Questions on Stack Overflow,https://www.kaggle.com/c/3043
12/14/2012 01:51:12,Traveling Santa Problem,https://www.kaggle.com/c/3294
01/11/2013 00:57:00,Event Recommendation Engine Challenge,https://www.kaggle.com/c/3288
01/25/2013 18:13:24,Blue Book for Bulldozers,https://www.kaggle.com/c/3316
04/19/2013 22:45:55,KDD Cup 2013 - Author Disambiguation Challenge (Track 2),https://www.kaggle.com/c/3446
04/12/2013 23:11:36,Challenges in Representation Learning: The Black Box Learning Challenge,https://www.kaggle.com/c/3366
04/18/2013 03:47:19,KDD Cup 2013 - Author-Paper Identification Challenge (Track 1),https://www.kaggle.com/c/3445
05/10/2013 20:15:46,The ICML 2013 Whale Challenge - Right Whale Redux,https://www.kaggle.com/c/3509
05/29/2013 19:56:38,Amazon.com - Employee Access Challenge,https://www.kaggle.com/c/3338
03/29/2013 07:25:18,Cause-effect pairs,https://www.kaggle.com/c/3370
07/08/2013 18:45:00,AMS 2013-2014 Solar Energy Prediction Contest,https://www.kaggle.com/c/3354
06/17/2013 23:50:58,MLSP 2013 Bird Classification Challenge,https://www.kaggle.com/c/3517
07/23/2013 16:32:24,Accelerometer Biometric Competition,https://www.kaggle.com/c/3524
08/16/2013 20:12:24,StumbleUpon Evergreen Classification Challenge,https://www.kaggle.com/c/3526
08/16/2013 17:25:30,The Big Data Combine Engineered by BattleFin,https://www.kaggle.com/c/3540
09/03/2013 17:03:55,Personalize Expedia Hotel Searches - ICDM 2013,https://www.kaggle.com/c/3504
09/28/2013 03:00:00,See Click Predict Fix - Hackathon,https://www.kaggle.com/c/3403
09/29/2013 01:09:14,See Click Predict Fix,https://www.kaggle.com/c/3599
10/16/2013 21:40:27,Multi-label Bird Species Classification - NIPS 2013,https://www.kaggle.com/c/3645
10/11/2013 15:43:12,Personalized Web Search Challenge,https://www.kaggle.com/c/3532
12/20/2013 23:25:50,Galaxy Zoo - The Galaxy Challenge,https://www.kaggle.com/c/3175
01/22/2014 17:04:10,Large Scale Hierarchical Text Classification,https://www.kaggle.com/c/3634
02/05/2014 20:00:13,CONNECTOMICS,https://www.kaggle.com/c/3774
02/18/2014 15:04:56,Allstate Purchase Prediction Challenge,https://www.kaggle.com/c/3788
04/21/2014 05:21:34,DecMeg2014 - Decoding the Human Brain,https://www.kaggle.com/c/3641
05/12/2014 20:23:07,Higgs Boson Machine Learning Challenge,https://www.kaggle.com/c/3887
04/10/2014 19:49:24,Acquire Valued Shoppers Challenge,https://www.kaggle.com/c/3897
05/15/2014 13:29:01,KDD Cup 2014 - Predicting Excitement at DonorsChoose.org,https://www.kaggle.com/c/3926
06/02/2014 15:43:50,Greek Media Monitoring Multilabel Classification (WISE 2014),https://www.kaggle.com/c/3928
06/05/2014 23:41:32,MLSP 2014 Schizophrenia Classification Challenge,https://www.kaggle.com/c/3933
05/19/2014 13:30:44,UPenn and Mayo Clinic's Seizure Detection Challenge,https://www.kaggle.com/c/3800
07/08/2014 12:00:00,Liberty Mutual Group - Fire Peril Loss Cost,https://www.kaggle.com/c/3951
06/24/2014 18:14:23,Display Advertising Challenge,https://www.kaggle.com/c/3934
08/25/2014 16:15:33,American Epilepsy Society Seizure Prediction Challenge,https://www.kaggle.com/c/3960
08/27/2014 20:44:02,Africa Soil Property Prediction Challenge,https://www.kaggle.com/c/3966
10/02/2014 14:36:01,Tradeshift Text Classification,https://www.kaggle.com/c/3984
11/18/2014 18:04:31,Click-Through Rate Prediction,https://www.kaggle.com/c/4120
11/19/2014 23:38:41,BCI Challenge @ NER 2015,https://www.kaggle.com/c/4043
11/24/2014 20:08:02,Helping Santa's Helpers,https://www.kaggle.com/c/3973
12/15/2014 14:00:00,National Data Science Bowl,https://www.kaggle.com/c/3978
12/15/2014 14:00:00,Driver Telematics Analysis,https://www.kaggle.com/c/4031
02/03/2015 18:49:20,Microsoft Malware Classification Challenge (BIG 2015),https://www.kaggle.com/c/4117
01/09/2015 18:35:41,How Much Did It Rain?,https://www.kaggle.com/c/4195
03/17/2015 15:56:17,Otto Group Product Classification Challenge,https://www.kaggle.com/c/4280
03/23/2015 18:44:02,Restaurant Revenue Prediction,https://www.kaggle.com/c/4272
02/17/2015 18:18:37,Diabetic Retinopathy Detection,https://www.kaggle.com/c/4104
04/20/2015 19:04:52,ECML/PKDD 15: Taxi Trajectory Prediction (I),https://www.kaggle.com/c/4378
04/22/2015 21:31:33,West Nile Virus Prediction,https://www.kaggle.com/c/4366
05/11/2015 20:56:45,Crowdflower Search Results Relevance,https://www.kaggle.com/c/4407
04/24/2015 18:03:10,ECML/PKDD 15: Taxi Trip Time Prediction (II),https://www.kaggle.com/c/4383
06/01/2015 16:03:13,ICDM 2015: Drawbridge Cross-Device Connections,https://www.kaggle.com/c/4453
06/29/2015 16:32:23,Machinery Tube Pricing,https://www.kaggle.com/c/4467
07/06/2015 15:57:32,Liberty Mutual Group: Property Inspection Prediction,https://www.kaggle.com/c/4471
06/29/2015 16:24:34,Grasp-and-Lift EEG Detection,https://www.kaggle.com/c/4477
06/02/2015 17:25:26,Avito Context Ad Clicks,https://www.kaggle.com/c/4438
07/20/2015 22:50:02,Flavours of Physics: Finding τ  →  μμμ,https://www.kaggle.com/c/4488
08/14/2015 14:23:08,Springleaf Marketing Response,https://www.kaggle.com/c/4487
08/27/2015 22:57:00,Right Whale Recognition,https://www.kaggle.com/c/4521
10/07/2015 16:13:54,The Allen AI Science Challenge,https://www.kaggle.com/c/4571
09/30/2015 12:02:03,Rossmann Store Sales,https://www.kaggle.com/c/4594
12/01/2015 00:50:16,Santa's Stolen Sleigh,https://www.kaggle.com/c/4704
11/23/2015 15:00:00,Prudential Life Insurance Assessment,https://www.kaggle.com/c/4699
12/14/2015 14:00:22,Second Annual Data Science Bowl,https://www.kaggle.com/c/4729
02/03/2016 20:48:38,BNP Paribas Cardif Claims Management,https://www.kaggle.com/c/4852
03/02/2016 19:43:17,Santander Customer Satisfaction,https://www.kaggle.com/c/4986
01/18/2016 15:10:47,Home Depot Product Search Relevance,https://www.kaggle.com/c/4853
04/05/2016 17:06:37,State Farm Distracted Driver Detection,https://www.kaggle.com/c/5048
04/15/2016 17:13:15,Expedia Hotel Recommendations,https://www.kaggle.com/c/5056
05/06/2016 01:39:59,Avito Duplicate Ads Detection,https://www.kaggle.com/c/5174
04/29/2016 14:00:03,Draper Satellite Image Chronology,https://www.kaggle.com/c/5229
05/19/2016 14:00:16,Ultrasound Nerve Segmentation,https://www.kaggle.com/c/5144
06/08/2016 00:02:36,Grupo Bimbo Inventory Demand,https://www.kaggle.com/c/5260
07/11/2016 15:03:30,TalkingData Mobile User Demographics,https://www.kaggle.com/c/5340
08/01/2016 20:53:31,Predicting Red Hat Business Value,https://www.kaggle.com/c/5261
09/02/2016 16:53:26,Melbourne University AES/MathWorks/NIH Seizure Prediction,https://www.kaggle.com/c/5390
08/17/2016 13:24:09,Bosch Production Line Performance,https://www.kaggle.com/c/5357
10/05/2016 17:10:09,Outbrain Click Prediction,https://www.kaggle.com/c/5497
10/26/2016 19:00:52,Santander Product Recommendation,https://www.kaggle.com/c/5558
12/01/2016 17:00:00,Two Sigma Financial Modeling Challenge,https://www.kaggle.com/c/5874
12/15/2016 00:00:00,Dstl Satellite Imagery Feature Detection,https://www.kaggle.com/c/5916
01/12/2017 14:00:00,Data Science Bowl 2017,https://www.kaggle.com/c/6004
02/15/2017 18:14:46,Google Cloud & YouTube-8M Video Understanding Challenge,https://www.kaggle.com/c/6049
11/14/2016 08:02:32,The Nature Conservancy Fisheries Monitoring,https://www.kaggle.com/c/5568
03/15/2017 19:00:22,Intel & MobileODT Cervical Cancer Screening,https://www.kaggle.com/c/6243
03/16/2017 22:40:50,Quora Question Pairs,https://www.kaggle.com/c/6277
03/27/2017 21:10:25,NOAA Fisheries Steller Sea Lion Population Count,https://www.kaggle.com/c/6116
04/20/2017 17:00:49,Planet: Understanding the Amazon from Space,https://www.kaggle.com/c/6322
04/27/2017 20:42:09,Sberbank Russian Housing Market,https://www.kaggle.com/c/6392
05/16/2017 15:31:40,Instacart Market Basket Analysis,https://www.kaggle.com/c/6644
05/30/2017 15:44:26,Mercedes-Benz Greener Manufacturing,https://www.kaggle.com/c/6565
06/01/2017 21:13:30,iNaturalist Challenge at FGVC 2017,https://www.kaggle.com/c/6538
07/04/2017 12:41:09,NIPS 2017: Non-targeted Adversarial Attack,https://www.kaggle.com/c/6864
07/13/2017 20:07:02,Web Traffic Time Series Forecasting,https://www.kaggle.com/c/6768
05/24/2017 12:00:13,Zillow Prize: Zillow’s Home Value Prediction (Zestimate),https://www.kaggle.com/c/6649
07/26/2017 14:00:49,Carvana Image Masking Challenge,https://www.kaggle.com/c/6927
06/22/2017 16:00:23,Passenger Screening Algorithm Challenge,https://www.kaggle.com/c/6775
07/04/2017 12:42:44,NIPS 2017: Targeted Adversarial Attack,https://www.kaggle.com/c/6866
07/04/2017 12:42:58,NIPS 2017: Defense Against Adversarial Attack,https://www.kaggle.com/c/6867
09/05/2017 17:18:48,Text Normalization Challenge - English Language,https://www.kaggle.com/c/7042
09/05/2017 17:19:00,Text Normalization Challenge - Russian Language,https://www.kaggle.com/c/7043
09/14/2017 16:57:57,Cdiscount’s Image Classification Challenge,https://www.kaggle.com/c/7115
09/27/2017 19:59:31,WSDM - KKBox's Music Recommendation Challenge,https://www.kaggle.com/c/7162
09/29/2017 16:24:29,Porto Seguro’s Safe Driver Prediction,https://www.kaggle.com/c/7082
10/19/2017 19:16:44,Corporación Favorita Grocery Sales Forecasting,https://www.kaggle.com/c/7391
10/23/2017 21:23:33,Statoil/C-CORE Iceberg Classifier Challenge,https://www.kaggle.com/c/7380
11/15/2017 18:16:57,TensorFlow Speech Recognition Challenge,https://www.kaggle.com/c/7634
11/21/2017 15:55:06,Mercari Price Suggestion Challenge,https://www.kaggle.com/c/7559
09/18/2017 21:36:13,WSDM - KKBox's Churn Prediction Challenge,https://www.kaggle.com/c/7163
11/28/2017 20:01:41,Recruit Restaurant Visitor Forecasting,https://www.kaggle.com/c/7277
12/12/2017 20:11:37,Santa Gift Matching Challenge,https://www.kaggle.com/c/8011
12/19/2017 15:38:59,Toxic Comment Classification Challenge,https://www.kaggle.com/c/8076
12/18/2017 20:27:55,Nomad2018 Predicting Transparent Conductors,https://www.kaggle.com/c/7299
12/22/2017 17:08:06,IEEE's Signal Processing Society - Camera Model Identification,https://www.kaggle.com/c/8078
01/16/2018 14:00:00,2018 Data Science Bowl,https://www.kaggle.com/c/8089
02/02/2018 23:00:50,Google Landmark Recognition Challenge,https://www.kaggle.com/c/7456
02/02/2018 23:01:00,Google Landmark Retrieval Challenge,https://www.kaggle.com/c/8396
03/05/2018 20:05:11,TalkingData AdTracking Fraud Detection Challenge,https://www.kaggle.com/c/8540
03/07/2018 18:20:47,iMaterialist Challenge (Furniture) at FGVC5,https://www.kaggle.com/c/8220
02/20/2018 18:54:35,Google Cloud & NCAA® ML Competition 2018-Women's,https://www.kaggle.com/c/8311
04/03/2018 18:38:33,iMaterialist Challenge (Fashion) at FGVC5,https://www.kaggle.com/c/8219
04/04/2018 17:52:01,CVPR 2018 WAD Video Segmentation Challenge,https://www.kaggle.com/c/8899
03/29/2018 14:31:46,Freesound General-Purpose Audio Tagging Challenge,https://www.kaggle.com/c/8900
04/24/2018 21:44:34,Avito Demand Prediction Challenge,https://www.kaggle.com/c/8586
04/30/2018 21:06:13,TrackML Particle Tracking Challenge,https://www.kaggle.com/c/7878
05/17/2018 22:56:29,Home Credit Default Risk,https://www.kaggle.com/c/9120
05/22/2018 17:01:46,The 2nd YouTube-8M Video Understanding Challenge,https://www.kaggle.com/c/9301
06/18/2018 22:26:36,Santander Value Prediction Challenge,https://www.kaggle.com/c/9717
07/03/2018 17:36:02,Google AI Open Images - Object Detection Track,https://www.kaggle.com/c/9949
07/10/2018 23:10:51,Google AI Open Images - Visual Relationship Track,https://www.kaggle.com/c/9951
07/19/2018 20:02:40,TGS Salt Identification Challenge,https://www.kaggle.com/c/10151
07/30/2018 18:45:42,Airbus Ship Detection Challenge,https://www.kaggle.com/c/9988
08/27/2018 16:00:49,RSNA Pneumonia Detection Challenge,https://www.kaggle.com/c/10338
09/05/2018 18:28:13,Inclusive Images Challenge,https://www.kaggle.com/c/10386
09/13/2018 18:53:34,Google Analytics Customer Revenue Prediction,https://www.kaggle.com/c/10038
09/26/2018 16:26:45,"Quick, Draw! Doodle Recognition Challenge",https://www.kaggle.com/c/10200
09/28/2018 21:36:08,PLAsTiCC Astronomical Classification,https://www.kaggle.com/c/10384
10/03/2018 21:06:32,Human Protein Atlas Image Classification,https://www.kaggle.com/c/10418
09/25/2018 17:01:54,Two Sigma: Using News to Predict Stock Movements,https://www.kaggle.com/c/9933
11/06/2018 17:59:32,Quora Insincere Questions Classification,https://www.kaggle.com/c/10737
11/20/2018 17:58:08,Traveling Santa 2018 - Prime Paths,https://www.kaggle.com/c/10733
11/27/2018 02:19:01,Elo Merchant Category Recommendation,https://www.kaggle.com/c/10445
11/30/2018 20:37:03,Humpback Whale Identification,https://www.kaggle.com/c/6818
12/13/2018 17:42:09,Microsoft Malware Prediction,https://www.kaggle.com/c/10683
12/20/2018 23:08:48,VSB Power Line Fault Detection,https://www.kaggle.com/c/10684
12/27/2018 18:52:10,PetFinder.my Adoption Prediction,https://www.kaggle.com/c/10686
01/10/2019 22:39:46,LANL Earthquake Prediction,https://www.kaggle.com/c/11000
02/05/2019 23:04:45,Gendered Pronoun Resolution,https://www.kaggle.com/c/12797
02/13/2019 23:00:00,Santander Customer Transaction Prediction,https://www.kaggle.com/c/10385
02/14/2019 19:57:04,Google Cloud & NCAA® ML Competition 2019-Women's,https://www.kaggle.com/c/12000
02/14/2019 19:59:48,Google Cloud & NCAA® ML Competition 2019-Men's,https://www.kaggle.com/c/11999
03/28/2019 15:05:58,iMet Collection 2019 - FGVC6,https://www.kaggle.com/c/13251
03/29/2019 17:23:55,Jigsaw Unintended Bias in Toxicity Classification,https://www.kaggle.com/c/12500
04/04/2019 15:35:34,Freesound Audio Tagging 2019,https://www.kaggle.com/c/10700
04/08/2019 15:06:41,Google Landmark Retrieval 2019,https://www.kaggle.com/c/11838
04/08/2019 15:06:51,Google Landmark Recognition 2019,https://www.kaggle.com/c/11836
04/25/2019 01:20:30,iMaterialist (Fashion) 2019 at FGVC6,https://www.kaggle.com/c/13032
05/17/2019 21:04:31,Instant Gratification,https://www.kaggle.com/c/14239
05/29/2019 20:12:00,Predicting Molecular Properties,https://www.kaggle.com/c/14313
06/03/2019 18:56:19,Open Images 2019 - Object Detection,https://www.kaggle.com/c/14315
06/03/2019 18:56:15,Open Images 2019 - Visual Relationship,https://www.kaggle.com/c/14316
06/24/2019 22:16:24,SIIM-ACR Pneumothorax Segmentation,https://www.kaggle.com/c/14652
06/27/2019 15:53:07,The 3rd YouTube-8M Video Understanding Challenge,https://www.kaggle.com/c/12716
06/27/2019 19:46:50,Recursion Cellular Image Classification,https://www.kaggle.com/c/14420
06/28/2019 01:15:11,APTOS 2019 Blindness Detection,https://www.kaggle.com/c/14774
06/28/2019 17:42:00,Generative Dog Images,https://www.kaggle.com/c/15062
07/11/2019 23:03:24,Open Images 2019 - Instance Segmentation,https://www.kaggle.com/c/15043
07/15/2019 20:47:11,IEEE-CIS Fraud Detection,https://www.kaggle.com/c/14242
07/25/2019 21:10:14,Severstal: Steel Defect Detection,https://www.kaggle.com/c/14241
08/16/2019 15:06:23,Understanding Clouds from Satellite Images,https://www.kaggle.com/c/13333
09/12/2019 16:00:27,Lyft 3D Object Detection for Autonomous Vehicles,https://www.kaggle.com/c/15768
09/18/2019 02:15:25,RSNA Intracranial Hemorrhage Detection,https://www.kaggle.com/c/13451
10/09/2019 21:30:25,NFL Big Data Bowl,https://www.kaggle.com/c/15696
10/15/2019 18:26:22,ASHRAE - Great Energy Predictor III,https://www.kaggle.com/c/9994
10/22/2019 19:57:07,Peking University/Baidu - Autonomous Driving,https://www.kaggle.com/c/9993
10/24/2019 12:59:18,2019 Data Science Bowl,https://www.kaggle.com/c/16531
10/28/2019 19:23:01,TensorFlow 2.0 Question Answering,https://www.kaggle.com/c/12863
11/22/2019 17:56:22,Google QUEST Q&A Labeling,https://www.kaggle.com/c/7968
11/27/2019 00:28:53,Santa's Workshop Tour 2019,https://www.kaggle.com/c/17233
12/11/2019 17:00:06,Deepfake Detection Challenge,https://www.kaggle.com/c/16880
12/19/2019 23:47:42,Bengali.AI Handwritten Grapheme Classification,https://www.kaggle.com/c/14897
02/13/2020 14:51:37,Abstraction and Reasoning Challenge,https://www.kaggle.com/c/18329
02/24/2020 22:03:34,University of Liverpool - Ion Switching,https://www.kaggle.com/c/18045
03/03/2020 00:19:01,M5 Forecasting - Accuracy,https://www.kaggle.com/c/18599
03/03/2020 00:16:27,M5 Forecasting - Uncertainty,https://www.kaggle.com/c/18600
03/09/2020 19:23:01,Herbarium 2020 - FGVC7,https://www.kaggle.com/c/18627
03/09/2020 21:00:11,Plant Pathology 2020 - FGVC7,https://www.kaggle.com/c/18648
03/09/2020 20:30:25,iWildCam 2020 - FGVC7,https://www.kaggle.com/c/18294
03/19/2020 04:24:29,COVID19 Local US-CA Forecasting (Week 1),https://www.kaggle.com/c/19548
03/23/2020 20:42:15,Jigsaw Multilingual Toxic Comment Classification,https://www.kaggle.com/c/19018
03/23/2020 22:12:35,Tweet Sentiment Extraction,https://www.kaggle.com/c/16295
03/23/2020 16:53:22,iMaterialist (Fashion) 2020 at FGVC7,https://www.kaggle.com/c/18237
04/09/2020 01:02:35,COVID19 Global Forecasting (Week 4),https://www.kaggle.com/c/20010
05/04/2020 21:35:40,COVID19 Global Forecasting (Week 5),https://www.kaggle.com/c/20475
04/21/2020 16:38:33,Prostate cANcer graDe Assessment (PANDA) Challenge,https://www.kaggle.com/c/18647
04/23/2020 18:56:51,TReNDS Neuroimaging,https://www.kaggle.com/c/16245
04/27/2020 19:02:22,ALASKA2 Image Steganalysis,https://www.kaggle.com/c/19991
05/04/2020 18:21:07,Global Wheat Detection,https://www.kaggle.com/c/19989
05/27/2020 22:00:49,SIIM-ISIC Melanoma Classification,https://www.kaggle.com/c/20270
06/15/2020 17:04:13,Cornell Birdcall Identification,https://www.kaggle.com/c/19596
06/15/2020 00:01:00,Halite by Two Sigma,https://www.kaggle.com/c/18011
06/30/2020 22:11:08,Google Landmark Retrieval 2020,https://www.kaggle.com/c/19233
07/07/2020 17:00:16,OSIC Pulmonary Fibrosis Progression,https://www.kaggle.com/c/20604
07/29/2020 21:35:48,Google Landmark Recognition 2020,https://www.kaggle.com/c/19231
08/24/2020 20:13:59,Lyft Motion Prediction for Autonomous Vehicles,https://www.kaggle.com/c/19990
09/03/2020 15:00:10,Mechanisms of Action (MoA) Prediction,https://www.kaggle.com/c/19988
09/10/2020 00:41:24,RSNA STR Pulmonary Embolism Detection,https://www.kaggle.com/c/22307
09/11/2020 01:31:20,OpenVaccine: COVID-19 mRNA Vaccine Degradation Prediction,https://www.kaggle.com/c/22111
09/28/2020 17:35:54,Google Research Football with Manchester City F.C.,https://www.kaggle.com/c/21723
10/05/2020 17:24:56,Riiid Answer Correctness Prediction,https://www.kaggle.com/c/21651
11/16/2020 22:05:02,NFL 1st and Future - Impact Detection,https://www.kaggle.com/c/22804
11/16/2020 22:11:08,HuBMAP - Hacking the Kidney,https://www.kaggle.com/c/22990
11/17/2020 18:11:59,Rainforest Connection Species Audio Detection,https://www.kaggle.com/c/21669
11/19/2020 21:12:46,Cassava Leaf Disease Classification,https://www.kaggle.com/c/13836
11/23/2020 17:15:09,Jane Street Market Prediction,https://www.kaggle.com/c/23304
12/08/2020 23:47:08,Santa 2020 - The Candy Cane Contest,https://www.kaggle.com/c/24539
12/14/2020 20:23:30,RANZCR CLiP - Catheter and Line Position Challenge,https://www.kaggle.com/c/23870
12/30/2020 17:23:16,VinBigData Chest X-ray Abnormalities Detection,https://www.kaggle.com/c/24800
01/26/2021 23:56:29,Human Protein Atlas - Single Cell Classification,https://www.kaggle.com/c/23823
01/28/2021 18:25:03,Indoor Location & Navigation,https://www.kaggle.com/c/22559
03/02/2021 18:57:15,Bristol-Myers Squibb – Molecular Translation,https://www.kaggle.com/c/22422
03/09/2021 00:34:45,Shopee - Price Match Guarantee,https://www.kaggle.com/c/24286
03/10/2021 22:24:34,Hotel-ID to Combat Human Trafficking 2021 - FGVC8,https://www.kaggle.com/c/25980
03/10/2021 20:03:29,Herbarium 2021 - Half-Earth Challenge - FGVC8,https://www.kaggle.com/c/25558
03/10/2021 21:59:36,iWildcam 2021 - FGVC8,https://www.kaggle.com/c/24911
03/15/2021 18:08:38,Plant Pathology 2021 - FGVC8,https://www.kaggle.com/c/25563
03/23/2021 20:01:16,Coleridge Initiative - Show US the Data,https://www.kaggle.com/c/25925
04/01/2021 15:08:15,BirdCLEF 2021 - Birdcall Identification,https://www.kaggle.com/c/25954
05/03/2021 16:22:03,CommonLit Readability Prize,https://www.kaggle.com/c/25914
05/10/2021 20:36:04,SETI Breakthrough Listen - E.T. Signal Search,https://www.kaggle.com/c/23652
05/12/2021 16:58:34,Google Smartphone Decimeter Challenge,https://www.kaggle.com/c/26933
05/18/2021 00:03:39,SIIM-FISABIO-RSNA COVID-19 Detection,https://www.kaggle.com/c/26680
06/10/2021 15:00:46,MLB Player Digital Engagement Forecasting,https://www.kaggle.com/c/27783
06/28/2021 15:12:56,Optiver Realized Volatility Prediction,https://www.kaggle.com/c/27233
06/30/2021 15:15:51,G2Net Gravitational Wave Detection,https://www.kaggle.com/c/23249
07/13/2021 22:39:36,RSNA-MICCAI Brain Tumor Radiogenomic Classification,https://www.kaggle.com/c/29653
08/10/2021 15:27:09,NFL Health & Safety - Helmet Assignment,https://www.kaggle.com/c/30198
08/11/2021 12:57:11,Google Landmark Retrieval 2021,https://www.kaggle.com/c/29761
08/11/2021 12:56:59,Google Landmark Recognition 2021,https://www.kaggle.com/c/29762
08/11/2021 18:43:59,chaii - Hindi and Tamil Question Answering,https://www.kaggle.com/c/30060
08/16/2021 22:01:05,Lux AI,https://www.kaggle.com/c/30067
09/22/2021 20:50:45,Google Brain - Ventilator Pressure Prediction,https://www.kaggle.com/c/29594
09/23/2021 14:20:14,PetFinder.my - Pawpularity Contest,https://www.kaggle.com/c/25383
10/14/2021 19:57:51,Sartorius - Cell Instance Segmentation,https://www.kaggle.com/c/30201
11/02/2021 16:00:27,G-Research Crypto Forecasting,https://www.kaggle.com/c/30894
11/08/2021 17:09:53,Jigsaw Rate Severity of Toxic Comments,https://www.kaggle.com/c/27935
11/16/2021 16:52:45,Santa 2021 - The Merry Movie Montage,https://www.kaggle.com/c/31644
11/22/2021 18:53:57,TensorFlow - Help Protect the Great Barrier Reef,https://www.kaggle.com/c/31703
12/14/2021 18:48:08,Feedback Prize - Evaluating Student Writing,https://www.kaggle.com/c/31779
01/18/2022 23:15:30,Ubiquant Market Prediction,https://www.kaggle.com/c/32053
02/01/2022 16:28:32,Happywhale - Whale and Dolphin Identification,https://www.kaggle.com/c/22962
02/01/2022 19:48:52,NBME - Score Clinical Patient Notes,https://www.kaggle.com/c/33607
02/07/2022 17:49:35,H&M Personalized Fashion Recommendations,https://www.kaggle.com/c/31254
02/15/2022 19:01:01,BirdCLEF 2022,https://www.kaggle.com/c/33246
02/19/2022 01:15:37,March Machine Learning Mania 2022 - Women's,https://www.kaggle.com/c/34542
02/19/2022 01:15:53,March Machine Learning Mania 2022 - Men’s,https://www.kaggle.com/c/34538
03/09/2022 16:58:29,GeoLifeCLEF 2022 - LifeCLEF 2022 x FGVC9,https://www.kaggle.com/c/33317
03/16/2022 16:51:44,Hotel-ID to Combat Human Trafficking 2022 - FGVC9,https://www.kaggle.com/c/35150
03/15/2022 23:56:37,Sorghum -100 Cultivar Identification - FGVC 9,https://www.kaggle.com/c/34375
03/21/2022 20:57:19,U.S. Patent Phrase to Phrase Matching,https://www.kaggle.com/c/33657
03/21/2022 19:22:49,iWildCam 2022 - FGVC9,https://www.kaggle.com/c/33843
04/04/2022 16:59:28,Image Matching Challenge 2022,https://www.kaggle.com/c/34970
04/04/2022 23:01:05,JPX Tokyo Stock Exchange Prediction,https://www.kaggle.com/c/34349
04/12/2022 18:16:23,Kore 2022,https://www.kaggle.com/c/34419
04/14/2022 21:03:27,Foursquare - Location Matching,https://www.kaggle.com/c/35476
04/14/2022 22:03:16,UW-Madison GI Tract Image Segmentation,https://www.kaggle.com/c/27923
02/14/2022 22:05:27,Herbarium 2022 - FGVC9,https://www.kaggle.com/c/33679
05/02/2022 16:05:31,Google Smartphone Decimeter Challenge 2022,https://www.kaggle.com/c/35779
05/11/2022 18:46:43,Google AI4Code – Understand Code in Python Notebooks,https://www.kaggle.com/c/35887
05/24/2022 17:39:01,Feedback Prize - Predicting Effective Arguments,https://www.kaggle.com/c/35308
05/25/2022 14:15:56,American Express - Default Prediction,https://www.kaggle.com/c/35332
06/22/2022 18:34:11,HuBMAP + HPA - Hacking the Human Body,https://www.kaggle.com/c/34547
07/06/2022 20:34:00,Mayo Clinic - STRIP AI,https://www.kaggle.com/c/37333
07/11/2022 17:09:06,Google Universal Image Embedding,https://www.kaggle.com/c/36414
07/28/2022 17:49:51,RSNA 2022 Cervical Spine Fracture Detection,https://www.kaggle.com/c/36363
07/29/2022 21:49:47,DFL - Bundesliga Data Shootout,https://www.kaggle.com/c/37244
08/11/2022 21:33:45,AI Village Capture the Flag @ DEFCON,https://www.kaggle.com/c/37381
08/15/2022 20:49:22,Open Problems - Multimodal Single-Cell Integration,https://www.kaggle.com/c/38128
08/30/2022 17:23:07,Feedback Prize - English Language Learning,https://www.kaggle.com/c/38321
09/21/2022 21:55:10,Novozymes Enzyme Stability Prediction,https://www.kaggle.com/c/37190
10/04/2022 15:13:27,G2Net Detecting Continuous Gravitational Waves,https://www.kaggle.com/c/37077
11/01/2022 21:45:47,OTTO – Multi-Objective Recommender System,https://www.kaggle.com/c/38760
11/28/2022 22:58:52,RSNA Screening Mammography Breast Cancer Detection,https://www.kaggle.com/c/39272
11/30/2022 19:15:18,Santa 2022 - The Christmas Card Conundrum,https://www.kaggle.com/c/41879
12/05/2022 20:38:03,1st and Future - Player Contact Detection,https://www.kaggle.com/c/40277
12/15/2022 14:49:25,Learning Equality - Curriculum Recommendations,https://www.kaggle.com/c/39585
02/15/2023 23:13:49,March Machine Learning Mania 2023,https://www.kaggle.com/c/46801
